{
  "project_info": {
    "project_number": "461252426925",
    "firebase_url": "https://blog-7f879.firebaseio.com",
    "project_id": "blog-7f879",
    "storage_bucket": "blog-7f879.appspot.com"
  },
  "client": [
    {
      "client_info": {
        "mobilesdk_app_id": "1:461252426925:android:4229b82f0914386a",
        "android_client_info": {
          "package_name": "com.faruksahin.blogapp"
        }
      },
      "oauth_client": [
        {
          "client_id": "461252426925-ep9fljk5m85v0lhs67aunbqn9nh1tsk5.apps.googleusercontent.com",
          "client_type": 1,
          "android_info": {
            "package_name": "com.faruksahin.blogapp",
            "certificate_hash": "14fd882c5f32fa14db4403094286ceb97cc44bbc"
          }
        },
        {
          "client_id": "461252426925-9d33800rhlim63tqt3khdbsrsdbq4f2m.apps.googleusercontent.com",
          "client_type": 3
        }
      ],
      "api_key": [
        {
          "current_key": "AIzaSyCQ-vF35l-qQ-IRKUCuxsyEKkkV9wsIFgQ"
        }
      ],
      "services": {
        "analytics_service": {
          "status": 1
        },
        "appinvite_service": {
          "status": 2,
          "other_platform_oauth_client": [
            {
              "client_id": "461252426925-9d33800rhlim63tqt3khdbsrsdbq4f2m.apps.googleusercontent.com",
              "client_type": 3
            }
          ]
        },
        "ads_service": {
          "status": 2
        }
      }
    }
  ],
  "configuration_version": "1"
}